monument,monumentLabel,countryLabel,styleLabel,inceptionYear
http://www.wikidata.org/entity/Q484458,Бамианские статуи Будды,Афганистан,греко-буддистское искусство,
http://www.wikidata.org/entity/Q2968363,Château d'eau de l'Ermite,Бельгия,ар-деко,
http://www.wikidata.org/entity/Q110377545,War memorial Ledebergplein,Бельгия,ар-деко,
http://www.wikidata.org/entity/Q112032217,Amazon Monument,Бенин,социалистический реализм,
http://www.wikidata.org/entity/Q132491295,Baptismal font of Mariä Mutterschaft (Rothenstadt),Германия,неоготика,
http://www.wikidata.org/entity/Q132567190,Q132567190,Германия,романское искусство,
http://www.wikidata.org/entity/Q134300125,Baptismal font of St. Andreas (Weißenburg in Bayern),Германия,готика,
http://www.wikidata.org/entity/Q134531845,Baptismal font of St. Michael (Sausenhofen),Германия,неоготика,
http://www.wikidata.org/entity/Q134620210,Baptismal font of Stadtkirche (Hersbruck),Германия,неоклассицизм,
http://www.wikidata.org/entity/Q108861222,Harir rock-relief,Ирак,искусство Парфянского царства,
http://www.wikidata.org/entity/Q838548,Tang-e Vashi relief,Иран,Каджарское искусство,
http://www.wikidata.org/entity/Q5718838,Gotarzes I relief (Bisotun),Иран,искусство Парфянского царства,
http://www.wikidata.org/entity/Q5863270,Gotarzes II relief (Bisotun),Иран,искусство Парфянского царства,
http://www.wikidata.org/entity/Q5877618,Sarab-e Bahram relief,Иран,искусство государства Сасанидов,
http://www.wikidata.org/entity/Q5881988,Vologases relief,Иран,искусство Парфянского царства,
http://www.wikidata.org/entity/Q5912468,Omar Khayyam Stele,Иран,Пехлевийское исусство,
http://www.wikidata.org/entity/Q5914092,Teymur Mirza relief,Иран,Каджарское искусство,
http://www.wikidata.org/entity/Q5937800,Naser al-Din Shah relief,Иран,Каджарское искусство,
http://www.wikidata.org/entity/Q5960405,Sar Mashhad relief,Иран,искусство государства Сасанидов,
http://www.wikidata.org/entity/Q5939534,Farhad Tarash,Иран,искусство государства Сасанидов,
http://www.wikidata.org/entity/Q5760451,"Sepulcro de los Santos Mártires, Basilica of San Vicente, Ávila",Испания,романское искусство,
http://www.wikidata.org/entity/Q19368112,Monument del Lleó,Испания,модерн,
http://www.wikidata.org/entity/Q23758886,Tomba de la Família Rahola-Serinyana,Испания,модерн,
http://www.wikidata.org/entity/Q23759128,Sepulcre Janer,Испания,модерн,
http://www.wikidata.org/entity/Q23782045,Mausoleu de la Família Vilaret,Испания,модерн,
http://www.wikidata.org/entity/Q23811245,Monument als Caiguts,Испания,модерн,
http://www.wikidata.org/entity/Q30240083,Q30240083,Испания,модерн,
http://www.wikidata.org/entity/Q30251006,Q30251006,Испания,модерн,
http://www.wikidata.org/entity/Q30251153,Q30251153,Испания,модерн,
http://www.wikidata.org/entity/Q97961678,Daoiz and Velarde,Испания,историзм,
http://www.wikidata.org/entity/Q97961678,Daoiz and Velarde,Испания,историзм,
http://www.wikidata.org/entity/Q134966999,Cenotaph of Beatriz Galindo,Испания,Возрождение,
http://www.wikidata.org/entity/Q134967133,Cenotaph of Francisco Ramírez,Испания,Возрождение,
http://www.wikidata.org/entity/Q267971,Фонтан Тритона,Италия,барокко,
http://www.wikidata.org/entity/Q2253879,Hypogeum of the Volumnus family,Италия,этрусское искусство,
http://www.wikidata.org/entity/Q113383728,Chapel of Saint Francis Xavier (Il Gesù),Италия,Контрреформация,
http://www.wikidata.org/entity/Q2182509,Христос с крестом,Италия,Высокий Ренессанс,
http://www.wikidata.org/entity/Q120653766,Memorial de la Guardería ABC,Мексика,Anti-monuments in Mexico,
http://www.wikidata.org/entity/Q17463646,Q17463646,Нидерланды,архитектура неоклассицизма,
http://www.wikidata.org/entity/Q2384491,Фонтан Дубай,Объединённые Арабские Эмираты,архитектура постмодернизма,
http://www.wikidata.org/entity/Q7732911,The Eye That Cries,Перу,брутализм,
http://www.wikidata.org/entity/Q7732911,The Eye That Cries,Перу,брутализм,
http://www.wikidata.org/entity/Q7732911,The Eye That Cries,Перу,брутализм,
http://www.wikidata.org/entity/Q7732911,The Eye That Cries,Перу,брутализм,
http://www.wikidata.org/entity/Q24964550,Мемориал геноцида в Ньямате,Руанда,всемирное наследие,
http://www.wikidata.org/entity/Q110316909,Стены и ворота Троицко-Ильинского монастыря,Украина,украинское барокко,
http://www.wikidata.org/entity/Q2887448,Bassin Plat fond,Франция,классицизм,
http://www.wikidata.org/entity/Q3076006,Clémence Isaure fountain,Франция,модерн,
http://www.wikidata.org/entity/Q3076202,fontaine de la Paix,Франция,неоклассицизм,
http://www.wikidata.org/entity/Q3076263,fontaine du Palais de Tokyo,Франция,ар-деко,
http://www.wikidata.org/entity/Q14628538,Jardin de l'abbaye (Vierzon),Франция,ар-деко,
http://www.wikidata.org/entity/Q21099740,Ротонда парка Монсо,Франция,архитектура неоклассицизма,
http://www.wikidata.org/entity/Q27106772,"Musée Saint-Raymond, Ra 385",Франция,скульптура Древнего Рима,
http://www.wikidata.org/entity/Q29327970,Fonts baptismaux,Франция,готика,
http://www.wikidata.org/entity/Q78518742,Q78518742,Франция,романское искусство,
http://www.wikidata.org/entity/Q132587412,Q132587412,Франция,готика,
http://www.wikidata.org/entity/Q134579753,Baptismal font of Saint-Pierre (Brancion),Франция,романское искусство,
http://www.wikidata.org/entity/Q134607827,Baptismal font of Église Saint-Martin (Châtel-Moron),Франция,романское искусство,
http://www.wikidata.org/entity/Q20860978,Jan Hus Memorial,Чехия,модерн,
http://www.wikidata.org/entity/Q37428952,Maria Column in Kovářská,Чехия,барокко,
http://www.wikidata.org/entity/Q37812678,Cultural monuments in Lužec nad Cidlinou,Чехия,барокко,
http://www.wikidata.org/entity/Q37813334,Maria column in Lípa,Чехия,барокко,
http://www.wikidata.org/entity/Q37821857,Maria column in Mohelnice,Чехия,барокко,
http://www.wikidata.org/entity/Q38037831,Holy Trinity column in Nový Malín,Чехия,архитектура неоклассицизма,
http://www.wikidata.org/entity/Q38039835,Q38039835,Чехия,барокко,
http://www.wikidata.org/entity/Q38040252,Holy Trinity column in Černovír,Чехия,барокко,
http://www.wikidata.org/entity/Q38044632,Maria column in Ostrov,Чехия,барокко,
http://www.wikidata.org/entity/Q38048545,Maria column in Poděbrady,Чехия,рококо,
http://www.wikidata.org/entity/Q38049680,Maria column in Polička,Чехия,барокко,
http://www.wikidata.org/entity/Q38049680,Maria column in Polička,Чехия,барокко,
http://www.wikidata.org/entity/Q38186221,Maria column in Valašské Klobouky,Чехия,барокко,
http://www.wikidata.org/entity/Q38186430,Maria column in Valtice,Чехия,барокко,
http://www.wikidata.org/entity/Q38186918,Q38186918,Чехия,барокко,
http://www.wikidata.org/entity/Q38188715,Q38188715,Чехия,барокко,
http://www.wikidata.org/entity/Q38228038,Q38228038,Чехия,барокко,
http://www.wikidata.org/entity/Q38228467,Maria column in Znojmo,Чехия,барокко,
http://www.wikidata.org/entity/Q38228467,Maria column in Znojmo,Чехия,барокко,
http://www.wikidata.org/entity/Q38231823,Q38231823,Чехия,барокко,
http://www.wikidata.org/entity/Q38236518,Maria column in Máslojedy,Чехия,барокко,
http://www.wikidata.org/entity/Q52160054,Q52160054,Чехия,классицизм,
http://www.wikidata.org/entity/Q62129018,Q62129018,Чехия,барокко,
http://www.wikidata.org/entity/Q62178364,Maria column (Kyjov),Чехия,барокко,
http://www.wikidata.org/entity/Q62388590,Q62388590,Чехия,Возрождение,
http://www.wikidata.org/entity/Q62388636,Q62388636,Чехия,классицизм,
http://www.wikidata.org/entity/Q62392183,Q62392183,Чехия,барокко,
http://www.wikidata.org/entity/Q66055401,Holy Trinity column in Manětín,Чехия,барокко,
http://www.wikidata.org/entity/Q67182429,Mariánský sloup,Чехия,барокко,
http://www.wikidata.org/entity/Q78795650,Q78795650,Чехия,эклектика,
http://www.wikidata.org/entity/Q91498344,Jacob's Well,Чехия,барокко,
http://www.wikidata.org/entity/Q94435592,Q94435592,Чехия,барокко,
http://www.wikidata.org/entity/Q98200530,Juan Garin by Matyáš Bernard Braun,Чехия,барокко,
http://www.wikidata.org/entity/Q108609285,Q108609285,Чехия,модерн,
http://www.wikidata.org/entity/Q108609285,Q108609285,Чехия,модерн,
http://www.wikidata.org/entity/Q111191766,stone cross at the old cemetery of Church of St. Bartholomew in Kyje,Чехия,рококо,
http://www.wikidata.org/entity/Q112217670,Q112217670,Чехия,классицизм,
http://www.wikidata.org/entity/Q114755141,Q114755141,Чехия,барокко,
http://www.wikidata.org/entity/Q114755561,Q114755561,Чехия,барокко,
http://www.wikidata.org/entity/Q114755711,Q114755711,Чехия,барокко,
http://www.wikidata.org/entity/Q114755719,Q114755719,Чехия,барокко,
http://www.wikidata.org/entity/Q114755864,Q114755864,Чехия,барокко,
http://www.wikidata.org/entity/Q19929973,Q19929973,Швеция,романское искусство,
http://www.wikidata.org/entity/Q19931148,Q19931148,Швеция,романское искусство,
http://www.wikidata.org/entity/Q2896261,Хираизуми,Япония,Pure Land worship,
http://www.wikidata.org/entity/Q1920554,Weilheimer Menhir,Германия,Q1973661,-2000
http://www.wikidata.org/entity/Q1920554,Weilheimer Menhir,Германия,ранний бронзовый век,-2000
http://www.wikidata.org/entity/Q27915675,Q27915675,Польша,искусство Древнего Египта,-1278
http://www.wikidata.org/entity/Q27814154,Q27814154,Польша,искусство Древнего Египта,-663
http://www.wikidata.org/entity/Q180012,Бехистунская надпись,Иран,искусство державы Ахеменидов,-600
http://www.wikidata.org/entity/Q826635,Обелиск Минервы,Италия,барокко,-600
http://www.wikidata.org/entity/Q3501412,Stele of Avile Tite,Италия,этрусское искусство,-550
http://www.wikidata.org/entity/Q9423922,Pinax with Prothesis by the Sappho Painter,Франция,ancient Greek vase painting,-499
http://www.wikidata.org/entity/Q16328198,Лев из Амфиполиса,Греция,эллинистическое искусство,-400
http://www.wikidata.org/entity/Q27973106,Burial for Makareus,Греция,art of Classical Greece,-400
http://www.wikidata.org/entity/Q96782607,Loutrophoros of Olympichos,Греция,art of Classical Greece,-369
http://www.wikidata.org/entity/Q41553,Колосс Родосский,Греция,эллинистическая скульптура,-283
http://www.wikidata.org/entity/Q27926527,Stele of Aristion,Греция,эллинистическое искусство,-264
http://www.wikidata.org/entity/Q27926527,Stele of Aristion,Греция,эллинистическое искусство,-264
http://www.wikidata.org/entity/Q952381,Арка Сергия,Хорватия,эллинистическое искусство,-26
http://www.wikidata.org/entity/Q132136772,Pilar-estela de l'Arener de Montfort,Испания,иберское искусство,-5
http://www.wikidata.org/entity/Q132136772,Pilar-estela de l'Arener de Montfort,Испания,иберское искусство,-4
http://www.wikidata.org/entity/Q1053483,Колоннада Сан-Лоренцо,Италия,язычество,2
http://www.wikidata.org/entity/Q1053483,Колоннада Сан-Лоренцо,Италия,язычество,200
http://www.wikidata.org/entity/Q16052646,Relief of Shapur I in Darabgerd,Иран,искусство государства Сасанидов,254
http://www.wikidata.org/entity/Q5897289,Relief of Bahram II at Guyim,Иран,искусство государства Сасанидов,300
http://www.wikidata.org/entity/Q117667146,Salus Populi Romani,Италия,Византийская иконопись,700
http://www.wikidata.org/entity/Q15934337,Equestrian statuette of Charlemagne,Франция,искусство Каролингов,900
http://www.wikidata.org/entity/Q117667146,Salus Populi Romani,Италия,Византийская иконопись,1000
http://www.wikidata.org/entity/Q134547477,Baptismal font of Stadtkirche (Freudenstadt),Германия,романское искусство,1100
http://www.wikidata.org/entity/Q78518790,Q78518790,Франция,романское искусство,1100
http://www.wikidata.org/entity/Q134581317,Baptismal font of Saint-Eutrope (Saintes),Франция,романское искусство,1100
http://www.wikidata.org/entity/Q11363889,Chūson-ji Konjikidō,Япония,Pure Land worship,1124
http://www.wikidata.org/entity/Q123367183,Tomb of Baldwin V,Иерусалимское королевство,Искусство крестоносцев,1200
http://www.wikidata.org/entity/Q134606529,Portal of Église Saint-Martial (Deneuille-les-Mines),Франция,романская архитектура,1200
http://www.wikidata.org/entity/Q17635755,"Nio at the Nandaimon, Todaiji",Япония,Кэй,1203
http://www.wikidata.org/entity/Q21601145,Q21601145,Франция,готическая скульптура,1253
http://www.wikidata.org/entity/Q3852976,Monument to cardinal De Braye,Италия,готическая скульптура,1285
http://www.wikidata.org/entity/Q21604976,Q21604976,Франция,готическая скульптура,1295
http://www.wikidata.org/entity/Q134698245,Baptismal font of Verden cathedral,Германия,романское искусство,1300
http://www.wikidata.org/entity/Q135439535,Baptismal font of St. Nikolai (Stralsund),Германия,романское искусство,1300
http://www.wikidata.org/entity/Q132472118,Bronze baptismal font of Halberstadt Cathedral,Германия,романское искусство,1300
http://www.wikidata.org/entity/Q132571741,Baptismal font of Church in Hohen Sprenz,Германия,готика,1300
http://www.wikidata.org/entity/Q132572499,Baptismal font in St. Martini (Halberstadt),Германия,готика,1300
http://www.wikidata.org/entity/Q60674525,Q60674525,Испания,романское искусство Каталонии,1300
http://www.wikidata.org/entity/Q136350625,Q136350625,Польша,готика,1301
http://www.wikidata.org/entity/Q3908939,Южные двери Баптистерия Флоренции,Италия,готическая скульптура,1330
http://www.wikidata.org/entity/Q30249533,Ark of Santa Eulalia,Испания,готическая скульптура,1339
http://www.wikidata.org/entity/Q3862677,Equestrian monument to Bernabò Visconti,Италия,готическая скульптура,1363
http://www.wikidata.org/entity/Q12055205,Statue of Saint George at Prague Castle,Чехия,готика,1373
http://www.wikidata.org/entity/Q134526748,Gothic baptismal font of St. Emmeram (Trommetsheim),Германия,готика,1400
http://www.wikidata.org/entity/Q536048,Фонтан Радости,Италия,Late Gothic,1414
http://www.wikidata.org/entity/Q124338411,Q124338411,Италия,итальянское Возрождение,1432
http://www.wikidata.org/entity/Q2104865,Porta della Carta,Италия,готическая архитектура,1438
http://www.wikidata.org/entity/Q134698201,Baptismal font of St. Martini (Braunschweig),Германия,готика,1440
http://www.wikidata.org/entity/Q132589378,Baptismal font of St.-Nikolai-Kirche (Osterburg),Германия,готика,1442
http://www.wikidata.org/entity/Q134776216,Bronze baptismal font of Marienkirche (Gardelegen),Германия,готика,1466
http://www.wikidata.org/entity/Q1761496,Мадонна с младенцем и шестью святыми,Италия,Раннее Возрождение,1470
http://www.wikidata.org/entity/Q3213778,Madonna and Child with Saint John the Baptist and Two Angels,Италия,Раннее Возрождение,1470
http://www.wikidata.org/entity/Q134739762,Baptismal font of St. Marien (Stendal),Германия,готика,1474
http://www.wikidata.org/entity/Q134726096,Q134726096,Германия,готика,1483
http://www.wikidata.org/entity/Q134467956,Sacristy portal of Mariä Himmelfahrt (Berg),Германия,готика,1485
http://www.wikidata.org/entity/Q473237,Памятник Бартоломео Коллеони (Венеция),Италия,Раннее Возрождение,1488
http://www.wikidata.org/entity/Q473237,Памятник Бартоломео Коллеони (Венеция),Италия,итальянское Возрождение,1488
http://www.wikidata.org/entity/Q1131263,Коронование Марии,Италия,Раннее Возрождение,1488
http://www.wikidata.org/entity/Q2714237,Благовещение Честелло,Италия,Раннее Возрождение,1489
http://www.wikidata.org/entity/Q1115423,Оплакивание Христа,Италия,Раннее Возрождение,1490
http://www.wikidata.org/entity/Q1131263,Коронование Марии,Италия,Раннее Возрождение,1490
http://www.wikidata.org/entity/Q1115423,Оплакивание Христа,Италия,Раннее Возрождение,1495
http://www.wikidata.org/entity/Q134719249,Q134719249,Германия,искусство Возрождения,1499
http://www.wikidata.org/entity/Q3210257,Алтарь Барди,Германия,Раннее Возрождение,1500
http://www.wikidata.org/entity/Q134268835,Q134268835,Германия,готика,1500
http://www.wikidata.org/entity/Q134485968,Baptismal font of St. Georg (Effeltrich),Германия,готика,1500
http://www.wikidata.org/entity/Q132655508,Baptismal font of St. Johannis (Werben),Германия,готика,1500
http://www.wikidata.org/entity/Q2480856,Порта дель Парадизо,Италия,Раннее Возрождение,1500
http://www.wikidata.org/entity/Q3908938,Северные врата флорентийского Баптистерия,Италия,Раннее Возрождение,1500
http://www.wikidata.org/entity/Q78518766,Q78518766,Франция,готика,1500
http://www.wikidata.org/entity/Q78518839,Q78518839,Франция,готика,1500
http://www.wikidata.org/entity/Q134763886,Q134763886,Германия,искусство Возрождения,1503
http://www.wikidata.org/entity/Q651551,Гробница Юлия II,Италия,Высокий Ренессанс,1505
http://www.wikidata.org/entity/Q116236144,Baptismal font of St. Andreas (Ochsenfurt),Германия,искусство Возрождения,1515
http://www.wikidata.org/entity/Q3992615,"Tomb of Giuliano de' Medici, Duke of Nemours",Италия,Высокий Ренессанс,1520
http://www.wikidata.org/entity/Q3992615,"Tomb of Giuliano de' Medici, Duke of Nemours",Италия,Высокий Ренессанс,1524
http://www.wikidata.org/entity/Q3992617,"Tomb of Lorenzo de' Medici, Duke of Urbino",Италия,Высокий Ренессанс,1524
http://www.wikidata.org/entity/Q3992617,"Tomb of Lorenzo de' Medici, Duke of Urbino",Италия,Высокий Ренессанс,1524
http://www.wikidata.org/entity/Q134547213,Baptismal font of Stadtkirche Zur Unserer Lieben Frauen (Heldburg),Германия,искусство Возрождения,1537
http://www.wikidata.org/entity/Q134546760,Baptismal font of St. Oswald (Großwalbur),Германия,готика,1538
http://www.wikidata.org/entity/Q26998138,Надгробие Альбрехта Гаштольда,Великое княжество Литовское,скульптура Ренессанса,1539
http://www.wikidata.org/entity/Q134691929,Baptismal font of Morizkirche Coburg,Германия,искусство Возрождения,1539
http://www.wikidata.org/entity/Q134729699,Q134729699,Германия,искусство Возрождения,1550
http://www.wikidata.org/entity/Q5870185,Fuente de Génova,Испания,итальянское Возрождение,1551
http://www.wikidata.org/entity/Q5870185,Fuente de Génova,Испания,маньеризм,1551
http://www.wikidata.org/entity/Q135579819,Kenotaph of Frederik I of Denmark,Германия,искусство Возрождения,1552
http://www.wikidata.org/entity/Q135416350,Q135416350,Германия,искусство Возрождения,1555
http://www.wikidata.org/entity/Q134520839,Q134520839,Германия,искусство Возрождения,1562
http://www.wikidata.org/entity/Q132672323,Baptismal font of Klosterkirche St. Dionysius und Juliana (Schäftlarn),Германия,искусство Возрождения,1567
http://www.wikidata.org/entity/Q134703702,Baptismal font and railings of Marienkirche (Wolfenbüttel),Германия,искусство Возрождения,1571
http://www.wikidata.org/entity/Q11789065,Q11789065,Польша,маньеризм,1572
http://www.wikidata.org/entity/Q135426725,Q135426725,Германия,искусство Возрождения,1582
http://www.wikidata.org/entity/Q132588323,Baptismal font of St. Paul (Schwaan),Германия,искусство Возрождения,1589
http://www.wikidata.org/entity/Q132561980,Q132561980,Германия,искусство Возрождения,1590
http://www.wikidata.org/entity/Q135196626,Q135196626,Чехия,Возрождение,1592
http://www.wikidata.org/entity/Q126842324,Tomb of Paul III,Ватикан,итальянская скульптура эпохи Возрождения,1600
http://www.wikidata.org/entity/Q126842324,Tomb of Paul III,Ватикан,итальянская скульптура эпохи Возрождения,1600
http://www.wikidata.org/entity/Q134268966,Q134268966,Германия,искусство Возрождения,1600
http://www.wikidata.org/entity/Q134711768,Baptismal font of St. Johannes der Täufer (Seßlach),Германия,искусство Возрождения,1600
http://www.wikidata.org/entity/Q132588020,Baptismal font of Kirche Flechtingen,Германия,искусство Возрождения,1600
http://www.wikidata.org/entity/Q132666517,Q132666517,Германия,искусство Возрождения,1600
http://www.wikidata.org/entity/Q20108891,Q20108891,Испания,барокко,1600
http://www.wikidata.org/entity/Q45171154,Baptismal font of Notre-Dame de l'Assomption (Rouffach),Франция,искусство Возрождения,1600
http://www.wikidata.org/entity/Q134776292,Stone baptismal font of Marienkirche (Gardelegen),Германия,искусство Возрождения,1607
http://www.wikidata.org/entity/Q134738762,Baptismal font of Oberkirche Unser Lieben Frauen (Burg bei Magdeburg),Германия,искусство Возрождения,1611
http://www.wikidata.org/entity/Q134726930,Q134726930,Германия,искусство Возрождения,1614
http://www.wikidata.org/entity/Q12046330,Statue of Saint Wenceslas,Чехия,барокко,1618
http://www.wikidata.org/entity/Q136665044,Q136665044,Польша,маньеризм,1619
http://www.wikidata.org/entity/Q135094034,Baptismal font of St. Martin (Blindheim),Германия,барокко,1620
http://www.wikidata.org/entity/Q3747461,Fontane dei mostri marini,Италия,маньеризм,1627
http://www.wikidata.org/entity/Q15616490,Morosini Fountain,Греция,Возрождение,1628
http://www.wikidata.org/entity/Q16060319,Memorial to Ippolito Merenda,Италия,барокко,1630
http://www.wikidata.org/entity/Q131555168,Q131555168,Германия,барокко,1632
http://www.wikidata.org/entity/Q29116622,Baptismal font of Église Saint-Martin de Carignan-de-Bordeaux,Франция,барокко,1637
http://www.wikidata.org/entity/Q16060320,Memorial to Alessandro Valtrini,Италия,барокко,1639
http://www.wikidata.org/entity/Q20897993,Tomb of Pope Leo XI,Ватикан,барокко,1640
http://www.wikidata.org/entity/Q20897993,Tomb of Pope Leo XI,Ватикан,барокко,1640
http://www.wikidata.org/entity/Q655470,Фонтан Четырёх рек,Италия,барокко,1640
http://www.wikidata.org/entity/Q857540,Фонтан Пчёл,Италия,барокко,1644
http://www.wikidata.org/entity/Q378455,Maria column,Чехия,барокко,1652
http://www.wikidata.org/entity/Q378455,Maria column,Чехия,барокко,1652
http://www.wikidata.org/entity/Q104873475,Saint Joseph column in Brtnice,Чехия,барокко,1661
http://www.wikidata.org/entity/Q14626964,Latona Fountain,Франция,классицизм,1666
http://www.wikidata.org/entity/Q826635,Обелиск Минервы,Италия,барокко,1667
http://www.wikidata.org/entity/Q2887541,Dragon Fountain,Франция,классицизм,1668
http://www.wikidata.org/entity/Q1808677,Tomb of Pope Alexander VII,Ватикан,скульптура барокко,1670
http://www.wikidata.org/entity/Q1808677,Tomb of Pope Alexander VII,Ватикан,скульптура барокко,1670
http://www.wikidata.org/entity/Q14626964,Latona Fountain,Франция,классицизм,1670
http://www.wikidata.org/entity/Q2887514,Bassin de la Pyramide (Park of Versailles),Франция,классицизм,1670
http://www.wikidata.org/entity/Q2887473,"Bassin de Cérès, ou de l'Été",Франция,классицизм,1672
http://www.wikidata.org/entity/Q2887478,"Bassin de Flore, ou du Printemps",Франция,классицизм,1672
http://www.wikidata.org/entity/Q2887493,"Bassin de Saturne, ou de l'Hiver",Франция,классицизм,1672
http://www.wikidata.org/entity/Q16013785,Font de Santa Eulàlia,Испания,барокко,1673
http://www.wikidata.org/entity/Q2887459,"Bassin de Bacchus, ou de l'Automne",Франция,классицизм,1673
http://www.wikidata.org/entity/Q20103724,tomb of Bishop Olegarius,Арагонская корона,барокко,1675
http://www.wikidata.org/entity/Q1343193,Enceladus Fountain,Франция,классицизм,1675
http://www.wikidata.org/entity/Q2887459,"Bassin de Bacchus, ou de l'Automne",Франция,классицизм,1675
http://www.wikidata.org/entity/Q38137233,Viniční sloup,Чехия,барокко,1676
http://www.wikidata.org/entity/Q38137233,Viniční sloup,Чехия,барокко,1676
http://www.wikidata.org/entity/Q38036641,Statue of Saint Adalbert in Apolinářská,Чехия,барокко,1677
http://www.wikidata.org/entity/Q2887473,"Bassin de Cérès, ou de l'Été",Франция,классицизм,1679
http://www.wikidata.org/entity/Q2887478,"Bassin de Flore, ou du Printemps",Франция,классицизм,1679
http://www.wikidata.org/entity/Q5175110,Virgin of Hope Macarena,Испания,барокко,1680
http://www.wikidata.org/entity/Q12046330,Statue of Saint Wenceslas,Чехия,барокко,1680
http://www.wikidata.org/entity/Q134737547,Baptismal font of Church Lederhose (Thüringen),Германия,барокко,1682
http://www.wikidata.org/entity/Q688614,Чумная колонна,Австрия,скульптура барокко,1683
http://www.wikidata.org/entity/Q688614,Чумная колонна,Австрия,скульптура барокко,1683
http://www.wikidata.org/entity/Q688614,Чумная колонна,Австрия,скульптура барокко,1683
http://www.wikidata.org/entity/Q38050086,Holy Trinity column in Poláky,Чехия,барокко,1683
http://www.wikidata.org/entity/Q688614,Чумная колонна,Австрия,скульптура барокко,1687
http://www.wikidata.org/entity/Q688614,Чумная колонна,Австрия,скульптура барокко,1687
http://www.wikidata.org/entity/Q688614,Чумная колонна,Австрия,скульптура барокко,1687
http://www.wikidata.org/entity/Q134540946,Baptismal font of Basilica St. Cyriakus (Duderstadt),Германия,барокко,1694
http://www.wikidata.org/entity/Q38134723,Q38134723,Чехия,барокко,1694
http://www.wikidata.org/entity/Q62128980,Q62128980,Чехия,барокко,1694
http://www.wikidata.org/entity/Q38190547,Q38190547,Чехия,барокко,1695
http://www.wikidata.org/entity/Q78794632,Q78794632,Чехия,барокко,1696
http://www.wikidata.org/entity/Q111748028,Tomb of Saint Ignatius,Италия,барокко,1698
http://www.wikidata.org/entity/Q111748028,Tomb of Saint Ignatius,Италия,барокко,1698
http://www.wikidata.org/entity/Q38036678,"Statue of Saint Joseph, Charles Square",Чехия,барокко,1698
http://www.wikidata.org/entity/Q38036678,"Statue of Saint Joseph, Charles Square",Чехия,барокко,1698
http://www.wikidata.org/entity/Q78518815,Q78518815,Франция,барокко,1700
http://www.wikidata.org/entity/Q98000083,Baptismal font of église Saint-Michel de Juziers,Франция,барокко,1700
http://www.wikidata.org/entity/Q27661272,Baptismal font of Notre-Dame de l'Assomption,Франция,барокко,1700
http://www.wikidata.org/entity/Q29288485,Baptismal font of Saint-Martin (Belle-Église),Франция,барокко,1700
http://www.wikidata.org/entity/Q38192500,Q38192500,Чехия,барокко,1700
http://www.wikidata.org/entity/Q104977796,Q104977796,Чехия,барокко,1700
http://www.wikidata.org/entity/Q6648218,Pillar of the Plague,Чехия,барокко,1700
http://www.wikidata.org/entity/Q6648218,Pillar of the Plague,Чехия,барокко,1700
http://www.wikidata.org/entity/Q87768011,Švédský sloup,Чехия,барокко,1704
http://www.wikidata.org/entity/Q38144892,Maria column in Třebechovice pod Orebem,Чехия,барокко,1709
http://www.wikidata.org/entity/Q38144892,Maria column in Třebechovice pod Orebem,Чехия,барокко,1709
http://www.wikidata.org/entity/Q46346,column of the Virgin Mary Immaculate in Kutná Hora,Чехия,барокко,1710
http://www.wikidata.org/entity/Q46346,column of the Virgin Mary Immaculate in Kutná Hora,Чехия,барокко,1710
http://www.wikidata.org/entity/Q37028504,Q37028504,Чехия,барокко,1715
http://www.wikidata.org/entity/Q742362,Колонна Пресвятой Троицы,Чехия,барокко,1715
http://www.wikidata.org/entity/Q742362,Колонна Пресвятой Троицы,Чехия,барокко,1715
http://www.wikidata.org/entity/Q37340614,Holy Trinity Column in Karlovy Vary,Чехия,барокко,1716
http://www.wikidata.org/entity/Q37340614,Holy Trinity Column in Karlovy Vary,Чехия,барокко,1716
http://www.wikidata.org/entity/Q37340614,Holy Trinity Column in Karlovy Vary,Чехия,барокко,1716
http://www.wikidata.org/entity/Q38190541,Q38190541,Чехия,барокко,1716
http://www.wikidata.org/entity/Q38192282,Maria column in Vranov nad Dyjí,Чехия,барокко,1716
http://www.wikidata.org/entity/Q11704766,Triunfo de San Rafael de la plaza del Potro,Испания,скульптура барокко,1722
http://www.wikidata.org/entity/Q12035570,Marian plague column in Hradčany,Чехия,барокко,1728
http://www.wikidata.org/entity/Q12035570,Marian plague column in Hradčany,Чехия,барокко,1728
http://www.wikidata.org/entity/Q20058001,column shrine in Jáchymov,Чехия,барокко,1731
http://www.wikidata.org/entity/Q38136417,Q38136417,Чехия,барокко,1732
http://www.wikidata.org/entity/Q38234907,Maria column in Ústí nad Orlicí,Чехия,барокко,1739
http://www.wikidata.org/entity/Q66052395,Q66052395,Чехия,барокко,1746
http://www.wikidata.org/entity/Q112217740,Q112217740,Чехия,барокко,1747
http://www.wikidata.org/entity/Q78518671,Q78518671,Франция,барокко,1751
http://www.wikidata.org/entity/Q37161328,Q37161328,Чехия,рококо,1752
http://www.wikidata.org/entity/Q126182544,Tomb of Benedict XIV,Ватикан,итальянская архитектура барокко,1760
http://www.wikidata.org/entity/Q126182544,Tomb of Benedict XIV,Ватикан,скульптура барокко,1760
http://www.wikidata.org/entity/Q126182544,Tomb of Benedict XIV,Ватикан,итальянская архитектура барокко,1760
http://www.wikidata.org/entity/Q126182544,Tomb of Benedict XIV,Ватикан,скульптура барокко,1760
http://www.wikidata.org/entity/Q37293764,Wayside cross,Чехия,барокко,1763
http://www.wikidata.org/entity/Q786507,Triumphpforte,Австрия,Barock,1765
http://www.wikidata.org/entity/Q672444,Медный всадник,Россия,рококо,1768
http://www.wikidata.org/entity/Q134726590,Q134726590,Германия,рококо,1770
http://www.wikidata.org/entity/Q38491274,New church of Saint Nicholas,Чехия,барокко,1770
http://www.wikidata.org/entity/Q37448966,Q37448966,Чехия,барокко,1771
http://www.wikidata.org/entity/Q3842780,Madonnina,Италия,барокко,1774
http://www.wikidata.org/entity/Q38040626,Q38040626,Чехия,барокко,1774
http://www.wikidata.org/entity/Q37175681,Wayside cross in Dolní Bezděkov,Чехия,барокко,1775
http://www.wikidata.org/entity/Q16590659,Q16590659,Испания,искусство барокко в Испании,1776
http://www.wikidata.org/entity/Q37279689,Kněžnin kříž,Чехия,барокко,1776
http://www.wikidata.org/entity/Q38186445,Q38186445,Чехия,барокко,1777
http://www.wikidata.org/entity/Q134486034,Baptismal font of St. Kilian (Scheßlitz),Германия,барокко,1780
http://www.wikidata.org/entity/Q12011313,Emiliekilde,Дания,классицизм,1780
http://www.wikidata.org/entity/Q24942415,Tomb of Pope Clement XIV,Италия,Neoclassical sculpture,1780
http://www.wikidata.org/entity/Q24942415,Tomb of Pope Clement XIV,Италия,Neoclassical sculpture,1780
http://www.wikidata.org/entity/Q62391994,Q62391994,Чехия,барокко,1783
http://www.wikidata.org/entity/Q29117249,Q29117249,Франция,оболочка,1788
http://www.wikidata.org/entity/Q29117249,Q29117249,Франция,Цоколь,1788
http://www.wikidata.org/entity/Q29117249,Q29117249,Франция,барокко,1788
http://www.wikidata.org/entity/Q37160917,Q37160917,Чехия,рококо,1790
http://www.wikidata.org/entity/Q23927400,Louisekilden,Дания,неоклассицизм,1791
http://www.wikidata.org/entity/Q37273518,Q37273518,Чехия,барокко,1796
http://www.wikidata.org/entity/Q38197294,Q38197294,Чехия,барокко,1797
http://www.wikidata.org/entity/Q134161964,Q134161964,Германия,барокко,1800
http://www.wikidata.org/entity/Q134539291,Baptismal font of St. Johannis (Ettenstatt),Германия,барокко,1800
http://www.wikidata.org/entity/Q76391351,Baptismal font of Église Saint-Germain (Saint-Germain-de-Vibrac),Франция,барокко,1800
http://www.wikidata.org/entity/Q76401657,Q76401657,Франция,барокко,1800
http://www.wikidata.org/entity/Q78518499,Q78518499,Франция,барокко,1800
http://www.wikidata.org/entity/Q96257523,Q96257523,Франция,барокко,1800
http://www.wikidata.org/entity/Q98002794,Baptismal font of Église Saint-Martin (Triel-sur-Seine),Франция,барокко,1800
http://www.wikidata.org/entity/Q123347715,Baptismal font of Saint-Christophe (Aubepierre),Франция,барокко,1800
http://www.wikidata.org/entity/Q123347858,Baptismal font of Saint-Pierre (Bernay),Франция,барокко,1800
http://www.wikidata.org/entity/Q123367499,Baptismal font of Sainte-Anne (Baby),Франция,барокко,1800
http://www.wikidata.org/entity/Q123476431,Baptismal font of Saint-Bonnet (Argentières),Франция,барокко,1800
http://www.wikidata.org/entity/Q123907699,Baptismal font of Saint-Eutrope (Agudelle),Франция,барокко,1800
http://www.wikidata.org/entity/Q29217014,Fonts baptismaux de l'Église Saint-Maurice de Blandy-les-Tours,Франция,барокко,1800
http://www.wikidata.org/entity/Q37025902,Q37025902,Чехия,барокко,1800
http://www.wikidata.org/entity/Q78788303,Q78788303,Чехия,барокко,1800
http://www.wikidata.org/entity/Q78794003,Q78794003,Чехия,барокко,1800
http://www.wikidata.org/entity/Q112217669,Q112217669,Чехия,барокко,1800
http://www.wikidata.org/entity/Q3076272,Фонтан Феллаха,Франция,Egyptian Revival,1806
http://www.wikidata.org/entity/Q37318163,Q37318163,Чехия,барокко,1808
http://www.wikidata.org/entity/Q94433689,stone cross at the Holy Trinity Church in Hostinné,Чехия,классицизм,1809
http://www.wikidata.org/entity/Q94433689,stone cross at the Holy Trinity Church in Hostinné,Чехия,рококо,1809
http://www.wikidata.org/entity/Q108615270,Monument to Johann Michael Kahler,Чехия,классицизм,1811
http://www.wikidata.org/entity/Q66107077,Wayside cross in Brandýs nad Orlicí,Чехия,классицизм,1814
http://www.wikidata.org/entity/Q3323370,Héloïse and Abélard's tomb,Франция,неоготика,1817
http://www.wikidata.org/entity/Q3323370,Héloïse and Abélard's tomb,Франция,неоготика,1817
http://www.wikidata.org/entity/Q66106986,Q66106986,Чехия,классицизм,1817
http://www.wikidata.org/entity/Q18145791,Font del Vell,Испания,неоклассицизм,1818
http://www.wikidata.org/entity/Q688214,Умирающий лев,Швейцария,неоклассицизм,1821
http://www.wikidata.org/entity/Q126417394,Grave of Fornasari,Италия,неоклассицизм,1822
http://www.wikidata.org/entity/Q126417394,Grave of Fornasari,Италия,неоклассицизм,1822
http://www.wikidata.org/entity/Q23783521,могила Жака-Луи Давида,Бельгия,классицизм,1825
http://www.wikidata.org/entity/Q18145171,Font de Neptú,Испания,неоклассицизм,1826
http://www.wikidata.org/entity/Q94433677,Q94433677,Чехия,классицизм,1828
http://www.wikidata.org/entity/Q135102870,Baptismal font of St. Vitus (Reistingen),Германия,Neoclassicalism,1830
http://www.wikidata.org/entity/Q5437472,Fath-Ali Shah relief (Cheshmeh-Ali),Иран,Каджарское искусство,1830
http://www.wikidata.org/entity/Q3076266,Fontaine du Marché-aux-Carmes,Франция,неоклассицизм,1830
http://www.wikidata.org/entity/Q37448068,Q37448068,Чехия,классицизм,1830
http://www.wikidata.org/entity/Q137894213,Q137894213,Чехия,историзм,1831
http://www.wikidata.org/entity/Q64436,Триумфальная арка,Франция,архитектура неоклассицизма,1836
http://www.wikidata.org/entity/Q3076218,fontaine de la Vierge,Франция,Категория:Неоготика,1845
http://www.wikidata.org/entity/Q3076294,fontaine du jardin Villemin,Франция,необарокко,1846
http://www.wikidata.org/entity/Q115857956,Monument to Manuel Agustín Heredia,Испания,романтизм,1850
http://www.wikidata.org/entity/Q115857956,Monument to Manuel Agustín Heredia,Испания,неоклассицизм,1850
http://www.wikidata.org/entity/Q37821907,Fountain in Mohelnice,Чехия,классицизм,1850
http://www.wikidata.org/entity/Q11922474,Font del Geni Català,Испания,ампир,1856
http://www.wikidata.org/entity/Q4366595,Погодинская изба,Россия,русский стиль,1856
http://www.wikidata.org/entity/Q107642353,"Fountain of Orange Trees square at Monforte Gardens, Valencia",Испания,архитектура неоклассицизма,1859
http://www.wikidata.org/entity/Q133502854,Q133502854,Германия,неоготика,1862
http://www.wikidata.org/entity/Q3555769,Vercingetorix Monument,Франция,романтизм,1865
http://www.wikidata.org/entity/Q18146384,Font de les Tres Gràcies,Испания,академизм,1867
http://www.wikidata.org/entity/Q124424094,Wiertz Memorial,Бельгия,неоклассицизм,1881
http://www.wikidata.org/entity/Q15883357,Ver Huell Bench,Нидерланды,ампир,1881
http://www.wikidata.org/entity/Q24023050,A Ramon Berenguer III,Испания,академизм,1882
http://www.wikidata.org/entity/Q24023050,A Ramon Berenguer III,Испания,модерн,1882
http://www.wikidata.org/entity/Q30027298,Q30027298,Испания,модерн,1884
http://www.wikidata.org/entity/Q30027310,Q30027310,Испания,модерн,1884
http://www.wikidata.org/entity/Q30027318,Q30027318,Испания,модерн,1884
http://www.wikidata.org/entity/Q30027336,Q30027336,Испания,модерн,1884
http://www.wikidata.org/entity/Q30027347,Q30027347,Испания,модерн,1884
http://www.wikidata.org/entity/Q30027370,Q30027370,Испания,модерн,1884
http://www.wikidata.org/entity/Q30027377,Q30027377,Испания,модерн,1884
http://www.wikidata.org/entity/Q30027394,Q30027394,Испания,модерн,1884
http://www.wikidata.org/entity/Q30027406,Q30027406,Испания,модерн,1884
http://www.wikidata.org/entity/Q16219321,Dama del paraigua,Испания,реализм,1884
http://www.wikidata.org/entity/Q18115979,Font d'Hèrcules,Испания,каталонский модерн,1884
http://www.wikidata.org/entity/Q30027237,Q30027237,Испания,модерн,1884
http://www.wikidata.org/entity/Q30027249,Q30027249,Испания,модерн,1884
http://www.wikidata.org/entity/Q30027262,Q30027262,Испания,модерн,1884
http://www.wikidata.org/entity/Q30027281,Q30027281,Испания,модерн,1884
http://www.wikidata.org/entity/Q20875307,Sepulcre de la família Majó,Испания,романтизм,1885
http://www.wikidata.org/entity/Q20875307,Sepulcre de la família Majó,Испания,неоклассицизм,1885
http://www.wikidata.org/entity/Q30240050,Q30240050,Испания,модерн,1886
http://www.wikidata.org/entity/Q9202,Статуя Свободы,США,неоклассицизм,1886
http://www.wikidata.org/entity/Q24023050,A Ramon Berenguer III,Испания,академизм,1888
http://www.wikidata.org/entity/Q24023050,A Ramon Berenguer III,Испания,модерн,1888
http://www.wikidata.org/entity/Q2288815,Монумент Колумбу,Испания,Realism sculpture,1888
http://www.wikidata.org/entity/Q18396427,Царские ворота,Россия,русский стиль,1888
http://www.wikidata.org/entity/Q6022993,Monument to Columbus,Испания,Realism sculpture,1891
http://www.wikidata.org/entity/Q17510112,Статуя Эрота на Пикадилли,Великобритания,New Sculpture,1892
http://www.wikidata.org/entity/Q17510112,Статуя Эрота на Пикадилли,Великобритания,New Sculpture,1892
http://www.wikidata.org/entity/Q25349492,Q25349492,Испания,реализм,1893
http://www.wikidata.org/entity/Q25349492,Q25349492,Испания,модерн,1893
http://www.wikidata.org/entity/Q26836425,Q26836425,Испания,модерн,1893
http://www.wikidata.org/entity/Q26896889,font dels Nens,Испания,реализм,1893
http://www.wikidata.org/entity/Q27514318,Q27514318,Испания,модерн,1894
http://www.wikidata.org/entity/Q11850682,Памятник Александру II,Финляндия,реализм,1894
http://www.wikidata.org/entity/Q11850682,Памятник Александру II,Финляндия,реализм,1894
http://www.wikidata.org/entity/Q26567450,Little Nell,Великобритания,модерн,1896
http://www.wikidata.org/entity/Q23782675,Cinquè misteri de Dolor,Испания,модерн,1896
http://www.wikidata.org/entity/Q11823220,Aleksander Fredro Monument in Wrocław,Польша,неоклассицизм,1897
http://www.wikidata.org/entity/Q18120931,Font de Diana,Испания,классицизм,1898
http://www.wikidata.org/entity/Q30240393,Q30240393,Испания,модерн,1899
http://www.wikidata.org/entity/Q117762717,Tomb of Pius VII,Ватикан,Neoclassical sculpture,1900
http://www.wikidata.org/entity/Q117762717,Tomb of Pius VII,Ватикан,Neoclassical sculpture,1900
http://www.wikidata.org/entity/Q78793518,Q78793518,Чехия,классицизм,1900
http://www.wikidata.org/entity/Q20875264,Panteó Mundet,Испания,каталонский модерн,1901
http://www.wikidata.org/entity/Q20875308,Sepulcre de la família Solà-Vinardell,Испания,каталонский модерн,1902
http://www.wikidata.org/entity/Q6023268,Monument to Count Ansúrez,Испания,Realism sculpture,1903
http://www.wikidata.org/entity/Q12723086,Q12723086,Румыния,академизм,1903
http://www.wikidata.org/entity/Q12723086,Q12723086,Румыния,классицизм,1903
http://www.wikidata.org/entity/Q17600693,Monument scheiding van Maas en Waal,Нидерланды,ар-деко,1904
http://www.wikidata.org/entity/Q117383214,O anjo da morte,Бразилия,модерн,1906
http://www.wikidata.org/entity/Q18595368,Quintin and Alice Hogg Memorial,Великобритания,New Sculpture,1906
http://www.wikidata.org/entity/Q18156044,A Frederic Soler,Испания,каталонский модерн,1906
http://www.wikidata.org/entity/Q56206369,Queen Victoria Memorial,Австралия,модерн,1907
http://www.wikidata.org/entity/Q3220192,Поцелуй,Франция,модернизм,1907
http://www.wikidata.org/entity/Q3220192,Поцелуй,Франция,абстракционизм,1907
http://www.wikidata.org/entity/Q26835901,Monument a Bartomeu Amat,Испания,модерн,1909
http://www.wikidata.org/entity/Q3220192,Поцелуй,Франция,модернизм,1909
http://www.wikidata.org/entity/Q3220192,Поцелуй,Франция,абстракционизм,1909
http://www.wikidata.org/entity/Q122973038,Arab Plaque of the Centennial,Аргентина,Mahjar,1910
http://www.wikidata.org/entity/Q122973038,Arab Plaque of the Centennial,Аргентина,модернизм,1910
http://www.wikidata.org/entity/Q15726782,Monument al Doctor Robert,Испания,модерн,1910
http://www.wikidata.org/entity/Q126417647,Grave of Pizzoli,Италия,стиль либерти,1910
http://www.wikidata.org/entity/Q126417647,Grave of Pizzoli,Италия,модерн,1910
http://www.wikidata.org/entity/Q126417647,Grave of Pizzoli,Италия,стиль либерти,1910
http://www.wikidata.org/entity/Q126417647,Grave of Pizzoli,Италия,модерн,1910
http://www.wikidata.org/entity/Q20888295,Creu commemorativa (Jorba),Испания,каталонский модерн,1911
http://www.wikidata.org/entity/Q20888295,Creu commemorativa (Jorba),Испания,модерн,1911
http://www.wikidata.org/entity/Q29439275,Panteón Guirao,Испания,модерн,1911
http://www.wikidata.org/entity/Q19257125,Monument a Milà i Fontanals,Испания,модерн,1912
http://www.wikidata.org/entity/Q27651971,Q27651971,Испания,модерн,1912
http://www.wikidata.org/entity/Q111707682,The Syrian Residents to the Argentine Nation,Аргентина,модернизм,1913
http://www.wikidata.org/entity/Q26835901,Monument a Bartomeu Amat,Испания,модерн,1913
http://www.wikidata.org/entity/Q51764267,Cubist Lamp Post,Чехия,кубизм,1913
http://www.wikidata.org/entity/Q59298280,Mausoleo de la vizcondesa de Térmens,Испания,неоклассицизм,1914
http://www.wikidata.org/entity/Q15727775,Monument a Mossèn Jacint Verdaguer,Испания,новесентизм,1914
http://www.wikidata.org/entity/Q3323267,Q3323267,Бельгия,эклектика,1920
http://www.wikidata.org/entity/Q79961,статуя Христа-Искупителя,Бразилия,ар-деко,1920
http://www.wikidata.org/entity/Q79961,статуя Христа-Искупителя,Бразилия,ар-деко,1920
http://www.wikidata.org/entity/Q79961,статуя Христа-Искупителя,Бразилия,ар-деко,1920
http://www.wikidata.org/entity/Q18159833,Edith Cavell Memorial,Великобритания,New Sculpture,1920
http://www.wikidata.org/entity/Q18575165,London Troops War Memorial,Великобритания,New Sculpture,1920
http://www.wikidata.org/entity/Q126417669,Grave of Alvisi,Италия,стиль либерти,1920
http://www.wikidata.org/entity/Q126417669,Grave of Alvisi,Италия,модерн,1920
http://www.wikidata.org/entity/Q126417669,Grave of Alvisi,Италия,стиль либерти,1920
http://www.wikidata.org/entity/Q126417669,Grave of Alvisi,Италия,модерн,1920
http://www.wikidata.org/entity/Q126417669,Grave of Alvisi,Италия,стиль либерти,1920
http://www.wikidata.org/entity/Q126417669,Grave of Alvisi,Италия,модерн,1920
http://www.wikidata.org/entity/Q26836489,Sant Jordi 175,Испания,модерн,1923
http://www.wikidata.org/entity/Q782783,Австралийский военный мемориал,Австралия,ар-деко,1925
http://www.wikidata.org/entity/Q26884243,Font la Bellesa,Испания,новесентизм,1925
http://www.wikidata.org/entity/Q126417526,Grave of Ruggi,Италия,стиль либерти,1926
http://www.wikidata.org/entity/Q126417526,Grave of Ruggi,Италия,модерн,1926
http://www.wikidata.org/entity/Q126417526,Grave of Ruggi,Италия,стиль либерти,1926
http://www.wikidata.org/entity/Q126417526,Grave of Ruggi,Италия,модерн,1926
http://www.wikidata.org/entity/Q587106,Памятник Шопену у Варшаве,Польша,модерн,1926
http://www.wikidata.org/entity/Q96279540,Monument to Adolfo Guiard,Испания,архитектура ар-деко,1927
http://www.wikidata.org/entity/Q96279540,Monument to Adolfo Guiard,Испания,архитектура ар-деко,1927
http://www.wikidata.org/entity/Q16268973,Fountain in Plaça d'Espanya,Испания,эклектика,1929
http://www.wikidata.org/entity/Q6023164,"Monument to the Chasseurs à Cheval of Alcántara, Valladolid",Испания,Realism sculpture,1931
http://www.wikidata.org/entity/Q6023164,"Monument to the Chasseurs à Cheval of Alcántara, Valladolid",Испания,Realism sculpture,1931
http://www.wikidata.org/entity/Q16341268,Labor and Defense,Израиль,модернизм,1937
http://www.wikidata.org/entity/Q627114,Рабочий и колхозница,Россия,социалистический реализм,1937
http://www.wikidata.org/entity/Q627114,Рабочий и колхозница,Россия,ар-деко,1937
http://www.wikidata.org/entity/Q627114,Рабочий и колхозница,Россия,социалистический реализм,1937
http://www.wikidata.org/entity/Q627114,Рабочий и колхозница,Россия,ар-деко,1937
http://www.wikidata.org/entity/Q124795478,Место гибели Матросова Александра Матвеевича,Россия,социалистический реализм,1943
http://www.wikidata.org/entity/Q108822419,Democracy Monument (Khon Kaen),Таиланд,Khana Ratsadon's architecture,1943
http://www.wikidata.org/entity/Q108822419,Democracy Monument (Khon Kaen),Таиланд,ар-деко,1943
http://www.wikidata.org/entity/Q1219934,Разрушенный город (скульптура),Нидерланды,абстрактный экспрессионизм,1947
http://www.wikidata.org/entity/Q118206745,Могила Александра Матвеевича Матросова(1924-1943 гг.) (Великие Луки),Россия,социалистический реализм,1948
http://www.wikidata.org/entity/Q118206745,Могила Александра Матвеевича Матросова(1924-1943 гг.) (Великие Луки),Россия,социалистический реализм,1948
http://www.wikidata.org/entity/Q24023050,A Ramon Berenguer III,Испания,академизм,1950
http://www.wikidata.org/entity/Q24023050,A Ramon Berenguer III,Испания,модерн,1950
http://www.wikidata.org/entity/Q123964284,Мальчик с рыбкой,Россия,социалистический реализм,1950
http://www.wikidata.org/entity/Q543753,Памятник Сталину,Венгрия,социалистический реализм,1951
http://www.wikidata.org/entity/Q543753,Памятник Сталину,Венгрия,социалистический реализм,1951
http://www.wikidata.org/entity/Q11918683,El casteller,Испания,реализм,1951
http://www.wikidata.org/entity/Q118206746,Бюст дважды Героя Советского Союза К.К. Рокоссовского (Великие Луки),Россия,социалистический реализм,1951
http://www.wikidata.org/entity/Q123964267,"Памятник З.А. Космодемьянской, Герою Советского Союза",Россия,социалистический реализм,1951
http://www.wikidata.org/entity/Q123964268,"Памятник А.М. Матросову, Герою Советского Союза",Россия,социалистический реализм,1951
http://www.wikidata.org/entity/Q110897262,Palazzo Perogalli,Италия,Движение за конкретное искусство,1952
http://www.wikidata.org/entity/Q1219934,Разрушенный город (скульптура),Нидерланды,абстрактный экспрессионизм,1953
http://www.wikidata.org/entity/Q117421938,Памятник М. Горькому (Выборг),Россия,социалистический реализм,1953
http://www.wikidata.org/entity/Q7844323,Triton Fountain,Мальта,модернизм,1955
http://www.wikidata.org/entity/Q805445,Christ the King statue,Колумбия,ар-деко,1958
http://www.wikidata.org/entity/Q805445,Christ the King statue,Колумбия,ар-деко,1958
http://www.wikidata.org/entity/Q805445,Christ the King statue,Колумбия,ар-деко,1958
http://www.wikidata.org/entity/Q6830208,Мемориал Майкла Фарадея,Великобритания,брутализм,1961
http://www.wikidata.org/entity/Q124324535,Слава покорителям космоса!,Россия,социалистический реализм,1962
http://www.wikidata.org/entity/Q124324535,Слава покорителям космоса!,Россия,социалистический реализм,1962
http://www.wikidata.org/entity/Q114642698,"Nicolaus Copernicus Monument, Chorzów",Польша,социалистический реализм,1964
http://www.wikidata.org/entity/Q114842524,Q114842524,Аргентина,концептуальное искусство,1965
http://www.wikidata.org/entity/Q125268079,Fontane dei mostri marini,Италия,маньеризм,1965
http://www.wikidata.org/entity/Q10378817,Teatro Castro Alves,Бразилия,архитектурный модернизм,1967
http://www.wikidata.org/entity/Q11937556,Monument als Xiquets de Valls,Испания,каталонский модерн,1969
http://www.wikidata.org/entity/Q11937556,Monument als Xiquets de Valls,Испания,модерн,1969
http://www.wikidata.org/entity/Q668343,Спиральная дамба,США,ленд-арт,1970
http://www.wikidata.org/entity/Q15716339,Chaufferie avec cheminée,Франция,абстракционизм,1970
http://www.wikidata.org/entity/Q22117471,Revolving Torsion,Великобритания,конструктивизм,1972
http://www.wikidata.org/entity/Q17347146,Monument national à la Résistance du plateau des Glières,Франция,паблик-арт,1973
http://www.wikidata.org/entity/Q17347146,Monument national à la Résistance du plateau des Glières,Франция,современное искусство,1973
http://www.wikidata.org/entity/Q26567450,Little Nell,Великобритания,модерн,1975
http://www.wikidata.org/entity/Q24666136,Monument for Albert Einstein,Германия,конкретное искусство,1979
http://www.wikidata.org/entity/Q130332488,Ансамбль «Малая земля»,Россия,социалистический реализм,1982
http://www.wikidata.org/entity/Q281309,Фонтан Стравинского,Франция,Новый реализм,1983
http://www.wikidata.org/entity/Q5451545,Fire and Water Fountain,Израиль,Кинетическое искусство,1986
http://www.wikidata.org/entity/Q5451545,Fire and Water Fountain,Израиль,Кинетическое искусство,1986
http://www.wikidata.org/entity/Q5451545,Fire and Water Fountain,Израиль,оптическое искусство,1986
http://www.wikidata.org/entity/Q5451545,Fire and Water Fountain,Израиль,оптическое искусство,1986
http://www.wikidata.org/entity/Q3075990,Fontaine,Франция,оптическое искусство,1988
http://www.wikidata.org/entity/Q24666180,Berlin dankt Frankreich,Германия,конкретное искусство,1994
http://www.wikidata.org/entity/Q15716339,Chaufferie avec cheminée,Франция,абстракционизм,1996
http://www.wikidata.org/entity/Q37272376,Mezník na dvoře Havlíčkova domu,Чехия,готика,2000
http://www.wikidata.org/entity/Q104977791,Q104977791,Чехия,барокко,2000
http://www.wikidata.org/entity/Q104977797,Q104977797,Чехия,барокко,2000
http://www.wikidata.org/entity/Q131283678,Cruz de Clavos,Мексика,Anti-monuments in Mexico,2001
http://www.wikidata.org/entity/Q47879701,La Belle Otero,Испания,Прекрасная эпоха,2002
http://www.wikidata.org/entity/Q470763,Монумент африканского возрождения,Сенегал,социалистический реализм,2008
http://www.wikidata.org/entity/Q470763,Монумент африканского возрождения,Сенегал,социалистический реализм,2008
http://www.wikidata.org/entity/Q20672521,Serpentine rouge,Франция,концептуальное искусство,2008
http://www.wikidata.org/entity/Q20672521,Serpentine rouge,Франция,современное искусство,2008
http://www.wikidata.org/entity/Q3078453,Триумфальная арка «Македония»,Северная Македония,неоклассицизм,2012
http://www.wikidata.org/entity/Q113697357,Antimonumento +43,Мексика,Anti-monuments in Mexico,2015
http://www.wikidata.org/entity/Q119234532,49 ABC,Мексика,Anti-monuments in Mexico,2017
http://www.wikidata.org/entity/Q52696123,Памятник Карлу Марксу (Трир),Германия,реализм,2018
http://www.wikidata.org/entity/Q52696123,Памятник Карлу Марксу (Трир),Германия,импрессионизм,2018
http://www.wikidata.org/entity/Q119238962,David y Miguel,Мексика,Anti-monuments in Mexico,2018
http://www.wikidata.org/entity/Q114845838,Q114845838,Аргентина,поп-арт,2019
http://www.wikidata.org/entity/Q106504831,Christ the Protector,Бразилия,ар-деко,2019
http://www.wikidata.org/entity/Q106504831,Christ the Protector,Бразилия,ар-деко,2019
http://www.wikidata.org/entity/Q119321658,Antimonumento +65,Мексика,Anti-monuments in Mexico,2019
http://www.wikidata.org/entity/Q123236911,Antimonumento Voces abrazando voces,Мексика,Anti-monuments in Mexico,2019
http://www.wikidata.org/entity/Q123236911,Antimonumento Voces abrazando voces,Мексика,Anti-monuments in Mexico,2019
http://www.wikidata.org/entity/Q123245483,Antimonumenta,Мексика,Anti-monuments in Mexico,2019
http://www.wikidata.org/entity/Q109658365,Antimonumenta,Мексика,Anti-monuments in Mexico,2020
http://www.wikidata.org/entity/Q120835860,Antimonumento +72,Мексика,anti-monumentalism,2020
http://www.wikidata.org/entity/Q120835860,Antimonumento +72,Мексика,anti-monumentalism,2020
http://www.wikidata.org/entity/Q123245795,Memorial en honor a las víctimas de feminicidio,Мексика,Anti-monuments in Mexico,2020
http://www.wikidata.org/entity/Q123245795,Memorial en honor a las víctimas de feminicidio,Мексика,Anti-monuments in Mexico,2020
http://www.wikidata.org/entity/Q123246053,Antimonumenta,Мексика,Anti-monuments in Mexico,2020
http://www.wikidata.org/entity/Q123246053,Antimonumenta,Мексика,Anti-monuments in Mexico,2020
http://www.wikidata.org/entity/Q123252536,ABC Anti-monument,Мексика,Anti-monuments in Mexico,2020
http://www.wikidata.org/entity/Q123252536,ABC Anti-monument,Мексика,Anti-monuments in Mexico,2020
http://www.wikidata.org/entity/Q108838452,Glorieta de las mujeres que luchan,Мексика,Anti-monuments in Mexico,2021
http://www.wikidata.org/entity/Q133812638,Antimonumenta,Мексика,Anti-monuments in Mexico,2021
http://www.wikidata.org/entity/Q123228277,Glorieta de las y los desaparecidos,Мексика,Anti-monuments in Mexico,2022
http://www.wikidata.org/entity/Q123239300,"Antimonumenta, Monumenta Viva",Мексика,Anti-monuments in Mexico,2022
http://www.wikidata.org/entity/Q123239300,"Antimonumenta, Monumenta Viva",Мексика,Anti-monuments in Mexico,2022
http://www.wikidata.org/entity/Q123290352,Antimonumento al Tren Maya,Мексика,Anti-monuments in Mexico,2022
http://www.wikidata.org/entity/Q119260365,Antimonumento 5J,Мексика,Anti-monuments in Mexico,2023
